{
    "plugin_name": "assetManager",
    "version": "1.1.4",
    "maya_version": "2025.3",
    "python_version": "3.9+",
    "author": "Mike Stumbo",
    "description": "A comprehensive asset management system for Maya 2025.3 with real thumbnail previews",
    "release_date": "2025-08-07",
    "requirements": [
        "Maya 2025.3+",
        "Python 3.9+",
        "PySide6",
        "Shiboken6"
    ],
    "supported_formats": [
        ".ma (Maya ASCII)",
        ".mb (Maya Binary)",
        ".obj (Wavefront OBJ)",
        ".fbx (Autodesk FBX)"
    ],
    "features": [
        "Project management",
        "Asset library browsing",
        "Search and filtering",
        "Import/Export functionality", 
        "Modern PySide6 UI",
        "Maya menu integration",
        "Asset type color-coding",
        "Collection visibility",
        "Enhanced context menus",
        "Asset thumbnail generation",
        "Asset metadata storage",
        "Thumbnail cache management",
        "Threaded operations for responsiveness",
        "Collection tabs interface",
        "Interactive collection management",
        "Tabbed asset library organization",
        "Check for updates system"
    ],
    "changelog": {
        "1.1.4": {
            "date": "2025-08-07",
            "changes": [
                "Improved default UI sizing - optimized window dimensions for better visibility",
                "Added UI preferences system for persistent window geometry",
                "Window size and position memory - UI remembers user's preferred size",
                "Improved splitter sizing for better content distribution",
                "Added 'Reset Window Size' option in Tools menu",
                "Enhanced UI layout management following Clean Code principles",
                "Better visual defaults for all window components",
                "Preparation for version 1.2.0 features"
            ]
        },
        "1.1.2": {
            "date": "2025-07-29",
            "changes": [
                "Fixed incomplete method implementations",
                "Added asset thumbnail generation and caching",
                "Enhanced error handling and user feedback",
                "Improved UI responsiveness with threaded operations",
                "Added asset metadata storage and retrieval",
                "Added thumbnail cache management tools",
                "Fixed context menu incomplete implementations",
                "Added comprehensive asset preview system",
                "MAJOR: Added Collection Tabs feature - browse collections in separate tabs",
                "Interactive collection tab management with create/edit/delete operations",
                "Enhanced tabbed asset library with visual organization",
                "Improved performance and stability",
                "Fixed missing webbrowser import"
            ]
        },
        "1.1.1": {
            "date": "2025-07-25",
            "changes": [
                "Asset type color-coding system",
                "Visual collection indicators",
                "Enhanced context menu with type assignment",
                "Color legend for asset types",
                "Improved asset library display",
                "Smart asset type detection",
                "Check for updates feature"
            ]
        },
        "1.1.0": {
            "date": "2025-07-24",
            "changes": [
                "Asset tagging system",
                "Asset collections/sets",
                "Asset dependencies tracking", 
                "Batch operations",
                "Asset versioning",
                "Enhanced UI/UX improvements"
            ]
        },
        "1.0.0": {
            "date": "2025-07-17",
            "changes": [
                "Initial release",
                "Core asset management functionality",
                "PySide6 UI implementation",
                "Maya 2025.3 compatibility",
                "Project creation and management",
                "Asset import/export system"
            ]
        }
    }
}
